{"cameraMode":{"drawMode":0,"name":"Shaded","section":"Shading Mode"},"sceneLighting":false,"audioPlay":false,"sceneViewState":{"showFog":true,"showMaterialUpdate":true,"showSkybox":true,"showFlares":true,"showImageEffects":true,"showParticleSystems":true},"in2DMode":false,"pivot":{"x":1.9443821907043458,"y":10.845216751098633,"z":8.861909866333008},"rotation":{"x":-0.08268049359321594,"y":0.02870987355709076,"z":-0.0023848903365433218,"w":-0.9961596727371216},"size":113.65624237060547,"orthographic":false}