{"cameraMode":{"drawMode":0,"name":"Shaded","section":"Shading Mode"},"sceneLighting":false,"audioPlay":false,"sceneViewState":{"showFog":true,"showMaterialUpdate":true,"showSkybox":true,"showFlares":true,"showImageEffects":true,"showParticleSystems":true},"in2DMode":false,"pivot":{"x":2.9802322387695315e-8,"y":-0.009005725383758545,"z":0.14709371328353883},"rotation":{"x":-0.10361921787261963,"y":0.43956026434898379,"z":-0.05113745480775833,"w":-0.8907496333122253},"size":205.98492431640626,"orthographic":false}