{"cameraMode":{"drawMode":0,"name":"Shaded","section":"Shading Mode"},"sceneLighting":false,"audioPlay":false,"sceneViewState":{"showFog":true,"showMaterialUpdate":true,"showSkybox":true,"showFlares":true,"showImageEffects":true,"showParticleSystems":true},"in2DMode":false,"pivot":{"x":0.0,"y":-5.960464477539063e-8,"z":7.450580596923828e-9},"rotation":{"x":-0.10361921787261963,"y":0.43956026434898379,"z":-0.05113745480775833,"w":-0.8907496333122253},"size":6.2761664390563969,"orthographic":false}